Name,Birthday,Gender,Species,Pure Breed,Mixed Breed,Breed,Desexed,Microchipped,Photo/Icon
Buddy,01/01/2024,Male,Cat,TRUE,FALSE,Persian,TRUE,TRUE,https://www.awlqld.com.au/wp-content/uploads/2024/01/Latte-552350-980x980.jpg
Molly,12/06/2019,Female,Cat,FALSE,TRUE,Maine Coon,FALSE,TRUE,https://www.awlqld.com.au/wp-content/uploads/2024/01/Latte-552350-980x980.jpg
Molly,12/06/2019,Female,Cat,FALSE,FALSE,Maine Coon,FALSE,TRUE,https://www.awlqld.com.au/wp-content/uploads/2024/01/Latte-552350-980x980.jpg
Molly,12/06/2019,Female,Cat,FALSE,TRUE,Maine Coon,,TRUE,https://www.awlqld.com.au/wp-content/uploads/2024/01/Latte-552350-980x980.jpg
Molly,12/06/2019,Female,Cat,FALSE,TRUE,Maine Coon,FALSE,TRUE,https://www.awlqld.com.au/wp-content/uploads/2024/01/Latte-552350-980x980.jpg
1,12/06/2019,Female,Cat,FALSE,TRUE,Maine Coon,FALSE,TRUE,https://www.awlqld.com.au/wp-content/uploads/2024/01/Latte-552350-980x980.jpg
Molly,12/06/2019,Female,Cat,FALSE,FALSE,Maine Coon,FALSE,TRUE,https://www.awlqld.com.au/wp-content/uploads/2024/01/Latte-552350-980x980.jpg
Molly,12/06/2019,Female,Cat,TRUE,TRUE,Maine Coon,FALSE,TRUE,https://www.awlqld.com.au/wp-content/uploads/2024/01/Latte-552350-980x980.jpg
Molly,12.01.2023,Female,Cat,TRUE,FALSE,Maine Coon,FALSE,TRUE,https://www.awlqld.com.au/wp-content/uploads/2024/01/Latte-552350-980x980.jpg
Molly,12.01.22,Female,Cat,TRUE,FALSE,Maine Coon,FALSE,TRUE,https://www.awlqld.com.au/wp-content/uploads/2024/01/Latte-552350-980x980.jpg
Molly,12/01/22,Female,Cat,TRUE,FALSE,Maine Coon,FALSE,TRUE,https://www.awlqld.com.au/wp-content/uploads/2024/01/Latte-552350-980x980.jpg
