Name,Birthday,Gender,Species,Pure Breed,Mixed Breed,Breed,Desexed,Microchipped,Photo/Icon,Listing Type,Description,Price,Location
Buddy,1/01/2024,Male,Cat,TRUE,FALSE,Persian,TRUE,TRUE,https://www.awlqld.com.au/wp-content/uploads/2024/01/Latte-552350-980x980.jpg,Fo Adoption,"Sem fames, pede curabitur metus arcu enim. Tempus, luctus pretium aenean nunc mus malesuada. Rhoncus velit convallis. Urna lectus tincidunt pellentesque leo. Aenean habitasse morbi. Habitant sem tempus rutrum conubia. Arcu venenatis ultrices dictumst, nisl lorem magnis, ad primis tristique vel ultrices maecenas dapibus, blandit euismod pede sociis maecenas commodo fermentum potenti. Feugiat massa a tortor tincidunt vitae urna aenean porta hymenaeos lectus. Torquent hac montes sem curae; velit neque leo quam amet. In mus elementum. Congue ligula, id et hymenaeos hymenaeos class fermentum sodales faucibus nam class vivamus est ad iaculis vehicula tellus pulvinar.

Nulla tincidunt, tempor lacus dapibus cursus ridiculus dapibus malesuada. At facilisi. Phasellus diam ridiculus mi bibendum ornare consequat, vitae ut Montes. Euismod Nisl cum mi odio commodo Purus sed pretium pellentesque habitant libero accumsan nec senectus dolor nullam sagittis torquent urna porttitor nec hac urna hac. Lacinia imperdiet fusce eleifend nunc montes. Sagittis egestas convallis.

Vitae Mattis porttitor vel ultricies. Tellus dignissim etiam blandit mi inceptos primis ligula pretium sagittis hac commodo bibendum scelerisque convallis metus ante. Tellus in nec tellus dignissim congue in lacinia urna aptent magna dolor ante congue per lacinia maecenas tempor maecenas curae; feugiat malesuada ultrices nascetur non nullam vehicula eget.",150,"2/104 Eugaree St, Southport, QLD 4215"
Molly,12/06/2019,Female,Cat,FALSE,TRUE,Maine Coon,FALSE,TRUE,https://www.awlqld.com.au/wp-content/uploads/2024/01/Latte-552350-980x980.jpg,For Adoption,"Penatibus. Proin. Porttitor habitasse, massa litora class mattis amet vestibulum rhoncus adipiscing ullamcorper nunc sociis tempus class suspendisse suspendisse aliquam amet Suspendisse aliquet augue quam semper ipsum varius tristique. Dui hymenaeos pede tempor. Semper, nascetur duis nulla. Tincidunt tempus tempor etiam natoque quam gravida tortor nibh hendrerit eros odio nec nascetur rutrum rhoncus mi facilisi hendrerit eleifend proin senectus platea tellus sapien. Adipiscing sapien ullamcorper est placerat odio dui at velit dolor sed urna amet rhoncus facilisis nullam Vel, malesuada dictumst conubia aenean quam tellus hac magna neque euismod consequat, sapien curae; viverra. Arcu, placerat fringilla. Nec nostra senectus, habitasse metus dictum conubia. Integer parturient accumsan ante, commodo litora convallis molestie curabitur varius commodo. Commodo tortor penatibus, nullam duis ultrices. Hendrerit vulputate nulla. Facilisis.

Luctus vestibulum et venenatis auctor. Mattis porta. Ante integer sem non vehicula. Ante volutpat auctor ut nostra morbi nonummy sapien dui penatibus montes. Pellentesque mattis nostra mollis neque non. Odio aliquet commodo hymenaeos neque nibh nam ipsum. Ridiculus morbi orci lectus mattis hendrerit lectus ut integer, odio nostra massa cubilia cum accumsan ullamcorper eleifend lectus volutpat feugiat et, aliquam metus faucibus. Senectus mauris duis sapien. Hac nostra sem fusce velit nisi quisque eu dui. Cum euismod pede nisl, massa quisque egestas convallis. Augue primis. Dignissim vestibulum quam vestibulum hac vestibulum commodo purus non porttitor parturient magna pede dis dignissim nisl sapien morbi pulvinar nulla iaculis lacus rutrum magnis. Auctor sodales morbi ipsum a fusce cras. Metus vestibulum vitae. Ligula volutpat fames nonummy sem magna dignissim tristique sed vel sodales, blandit ad rhoncus risus aptent rutrum. Magnis a mattis hymenaeos dolor nisi primis aptent dapibus.

Urna quam maecenas molestie ligula ante fringilla lacus ad rhoncus. Platea hac tempus auctor feugiat morbi in odio feugiat tortor pulvinar parturient donec. Aliquam Sociosqu cum dui nunc inceptos Turpis. Erat consectetuer duis suspendisse sociosqu fames vel, sodales pellentesque torquent enim morbi bibendum. Suspendisse suscipit eget consequat dui turpis. Condimentum adipiscing dignissim. Dictum sem conubia aliquam donec integer cursus dapibus vehicula. Nisi vulputate at. Ante purus. Suspendisse malesuada. Fames nullam fames feugiat semper sociis dis volutpat arcu sit. Sit senectus nibh sociosqu condimentum ultricies mi viverra in. Facilisis velit Donec consectetuer eros condimentum per. Nam ipsum. Primis quis aliquam. Consequat inceptos adipiscing quisque odio taciti nonummy facilisi nonummy pellentesque dignissim praesent platea nascetur elementum ultrices curabitur pellentesque gravida fames magnis maecenas morbi mi nisl dignissim pretium consequat phasellus felis nisl ultrices. Sed.",151.1,
Molly,12/06/2019,Female,Cat,FALSE,FALSE,Maine Coon,FALSE,TRUE,https://www.awlqld.com.au/wp-content/uploads/2024/01/Latte-552350-980x980.jpg,For Adoption,"Sem fames, pede curabitur metus arcu enim. Tempus, luctus pretium aenean nunc mus malesuada. Rhoncus velit convallis. Urna lectus tincidunt pellentesque leo. Aenean habitasse morbi. Habitant sem tempus rutrum conubia. Arcu venenatis ultrices dictumst, nisl lorem magnis, ad primis tristique vel ultrices maecenas dapibus, blandit euismod pede sociis maecenas commodo fermentum potenti. Feugiat massa a tortor tincidunt vitae urna aenean porta hymenaeos lectus. Torquent hac montes sem curae; velit neque leo quam amet. In mus elementum. Congue ligula, id et hymenaeos hymenaeos class fermentum sodales faucibus nam class vivamus est ad iaculis vehicula tellus pulvinar.

Nulla tincidunt, tempor lacus dapibus cursus ridiculus dapibus malesuada. At facilisi. Phasellus diam ridiculus mi bibendum ornare consequat, vitae ut Montes. Euismod Nisl cum mi odio commodo Purus sed pretium pellentesque habitant libero accumsan nec senectus dolor nullam sagittis torquent urna porttitor nec hac urna hac. Lacinia imperdiet fusce eleifend nunc montes. Sagittis egestas convallis.

Vitae Mattis porttitor vel ultricies. Tellus dignissim etiam blandit mi inceptos primis ligula pretium sagittis hac commodo bibendum scelerisque convallis metus ante. Tellus in nec tellus dignissim congue in lacinia urna aptent magna dolor ante congue per lacinia maecenas tempor maecenas curae; feugiat malesuada ultrices nascetur non nullam vehicula eget.",0,Southport 4215
Molly,12/06/2019,Female,Cat,FALSE,TRUE,Maine Coon,,TRUE,https://www.awlqld.com.au/wp-content/uploads/2024/01/Latte-552350-980x980.jpg,For Adoption,"Sem fames, pede curabitur metus arcu enim. Tempus, luctus pretium aenean nunc mus malesuada. Rhoncus velit convallis. Urna lectus tincidunt pellentesque leo. Aenean habitasse morbi. Habitant sem tempus rutrum conubia. Arcu venenatis ultrices dictumst, nisl lorem magnis, ad primis tristique vel ultrices maecenas dapibus, blandit euismod pede sociis maecenas commodo fermentum potenti. Feugiat massa a tortor tincidunt vitae urna aenean porta hymenaeos lectus. Torquent hac montes sem curae; velit neque leo quam amet. In mus elementum. Congue ligula, id et hymenaeos hymenaeos class fermentum sodales faucibus nam class vivamus est ad iaculis vehicula tellus pulvinar.

Nulla tincidunt, tempor lacus dapibus cursus ridiculus dapibus malesuada. At facilisi. Phasellus diam ridiculus mi bibendum ornare consequat, vitae ut Montes. Euismod Nisl cum mi odio commodo Purus sed pretium pellentesque habitant libero accumsan nec senectus dolor nullam sagittis torquent urna porttitor nec hac urna hac. Lacinia imperdiet fusce eleifend nunc montes. Sagittis egestas convallis.

Vitae Mattis porttitor vel ultricies. Tellus dignissim etiam blandit mi inceptos primis ligula pretium sagittis hac commodo bibendum scelerisque convallis metus ante. Tellus in nec tellus dignissim congue in lacinia urna aptent magna dolor ante congue per lacinia maecenas tempor maecenas curae; feugiat malesuada ultrices nascetur non nullam vehicula eget.",1001,"2/104 Eugaree St, Southport, QLD 4215"
Molly,12/06/2019,Female,Cat,FALSE,TRUE,Maine Coon,FALSE,TRUE,https://www.awlqld.com.au/wp-content/uploads/2024/01/Latte-552350-980x980.jpg,For Adoption,"Sem fames, pede curabitur metus arcu enim. Tempus, luctus pretium aenean nunc mus malesuada. Rhoncus velit convallis. Urna lectus tincidunt pellentesque leo. Aenean habitasse morbi. Habitant sem tempus rutrum conubia. Arcu venenatis ultrices dictumst, nisl lorem magnis, ad primis tristique vel ultrices maecenas dapibus, blandit euismod pede sociis maecenas commodo fermentum potenti. Feugiat massa a tortor tincidunt vitae urna aenean porta hymenaeos lectus. Torquent hac montes sem curae; velit neque leo quam amet. In mus elementum. Congue ligula, id et hymenaeos hymenaeos class fermentum sodales faucibus nam class vivamus est ad iaculis vehicula tellus pulvinar.

Nulla tincidunt, tempor lacus dapibus cursus ridiculus dapibus malesuada. At facilisi. Phasellus diam ridiculus mi bibendum ornare consequat, vitae ut Montes. Euismod Nisl cum mi odio commodo Purus sed pretium pellentesque habitant libero accumsan nec senectus dolor nullam sagittis torquent urna porttitor nec hac urna hac. Lacinia imperdiet fusce eleifend nunc montes. Sagittis egestas convallis.

Vitae Mattis porttitor vel ultricies. Tellus dignissim etiam blandit mi inceptos primis ligula pretium sagittis hac commodo bibendum scelerisque convallis metus ante. Tellus in nec tellus dignissim congue in lacinia urna aptent magna dolor ante congue per lacinia maecenas tempor maecenas curae; feugiat malesuada ultrices nascetur non nullam vehicula eget.",150,"2/104 Eugaree St, Southport, QLD 4215"
1,12/06/2019,Female,Cat,TRUE,TRUE,Maine Coon,TRUE,TRUE,https://www.awlqld.com.au/wp-content/uploads/2024/01/Latte-552350-980x980.jpg,For Adoption,"Sem fames, pede curabitur metus arcu enim. Tempus, luctus pretium aenean nunc mus malesuada. Rhoncus velit convallis. Urna lectus tincidunt pellentesque leo. Aenean habitasse morbi. Habitant sem tempus rutrum conubia. Arcu venenatis ultrices dictumst, nisl lorem magnis, ad primis tristique vel ultrices maecenas dapibus, blandit euismod pede sociis maecenas commodo fermentum potenti. Feugiat massa a tortor tincidunt vitae urna aenean porta hymenaeos lectus. Torquent hac montes sem curae; velit neque leo quam amet. In mus elementum. Congue ligula, id et hymenaeos hymenaeos class fermentum sodales faucibus nam class vivamus est ad iaculis vehicula tellus pulvinar.

Nulla tincidunt, tempor lacus dapibus cursus ridiculus dapibus malesuada. At facilisi. Phasellus diam ridiculus mi bibendum ornare consequat, vitae ut Montes. Euismod Nisl cum mi odio commodo Purus sed pretium pellentesque habitant libero accumsan nec senectus dolor nullam sagittis torquent urna porttitor nec hac urna hac. Lacinia imperdiet fusce eleifend nunc montes. Sagittis egestas convallis.

Vitae Mattis porttitor vel ultricies. Tellus dignissim etiam blandit mi inceptos primis ligula pretium sagittis hac commodo bibendum scelerisque convallis metus ante. Tellus in nec tellus dignissim congue in lacinia urna aptent magna dolor ante congue per lacinia maecenas tempor maecenas curae; feugiat malesuada ultrices nascetur non nullam vehicula eget.",10001,"2/104 Eugaree St, Southport, QLD 4215"
Molly,12/06/2019,Female,Cat,FALSE,FALSE,Maine Coon,FALSE,TRUE,https://www.awlqld.com.au/wp-content/uploads/2024/01/Latte-552350-980x980.jpg,For Adoption,"Sem fames, pede curabitur metus arcu enim. Tempus, luctus pretium aenean nunc mus malesuada. Rhoncus velit convallis. Urna lectus tincidunt pellentesque leo. Aenean habitasse morbi. Habitant sem tempus rutrum conubia. Arcu venenatis ultrices dictumst, nisl lorem magnis, ad primis tristique vel ultrices maecenas dapibus, blandit euismod pede sociis maecenas commodo fermentum potenti. Feugiat massa a tortor tincidunt vitae urna aenean porta hymenaeos lectus. Torquent hac montes sem curae; velit neque leo quam amet. In mus elementum. Congue ligula, id et hymenaeos hymenaeos class fermentum sodales faucibus nam class vivamus est ad iaculis vehicula tellus pulvinar.

Nulla tincidunt, tempor lacus dapibus cursus ridiculus dapibus malesuada. At facilisi. Phasellus diam ridiculus mi bibendum ornare consequat, vitae ut Montes. Euismod Nisl cum mi odio commodo Purus sed pretium pellentesque habitant libero accumsan nec senectus dolor nullam sagittis torquent urna porttitor nec hac urna hac. Lacinia imperdiet fusce eleifend nunc montes. Sagittis egestas convallis.

Vitae Mattis porttitor vel ultricies. Tellus dignissim etiam blandit mi inceptos primis ligula pretium sagittis hac commodo bibendum scelerisque convallis metus ante. Tellus in nec tellus dignissim congue in lacinia urna aptent magna dolor ante congue per lacinia maecenas tempor maecenas curae; feugiat malesuada ultrices nascetur non nullam vehicula eget.",150,"2/104 Eugaree St, Southport, QLD 4215"
Molly,12/06/2019,Female,Cat,TRUE,TRUE,Maine Coon,FALSE,TRUE,https://www.awlqld.com.au/wp-content/uploads/2024/01/Latte-552350-980x980.jpg,For Adoption,"Sem fames, pede curabitur metus arcu enim. Tempus, luctus pretium aenean nunc mus malesuada. Rhoncus velit convallis. Urna lectus tincidunt pellentesque leo. Aenean habitasse morbi. Habitant sem tempus rutrum conubia. Arcu venenatis ultrices dictumst, nisl lorem magnis, ad primis tristique vel ultrices maecenas dapibus, blandit euismod pede sociis maecenas commodo fermentum potenti. Feugiat massa a tortor tincidunt vitae urna aenean porta hymenaeos lectus. Torquent hac montes sem curae; velit neque leo quam amet. In mus elementum. Congue ligula, id et hymenaeos hymenaeos class fermentum sodales faucibus nam class vivamus est ad iaculis vehicula tellus pulvinar.

Nulla tincidunt, tempor lacus dapibus cursus ridiculus dapibus malesuada. At facilisi. Phasellus diam ridiculus mi bibendum ornare consequat, vitae ut Montes. Euismod Nisl cum mi odio commodo Purus sed pretium pellentesque habitant libero accumsan nec senectus dolor nullam sagittis torquent urna porttitor nec hac urna hac. Lacinia imperdiet fusce eleifend nunc montes. Sagittis egestas convallis.

Vitae Mattis porttitor vel ultricies. Tellus dignissim etiam blandit mi inceptos primis ligula pretium sagittis hac commodo bibendum scelerisque convallis metus ante. Tellus in nec tellus dignissim congue in lacinia urna aptent magna dolor ante congue per lacinia maecenas tempor maecenas curae; feugiat malesuada ultrices nascetur non nullam vehicula eget.",150,"2/104 Eugaree St, Southport, QLD 4215"
Molly,12.01.2023,Female,Cat,TRUE,FALSE,Maine Coon,FALSE,TRUE,https://www.awlqld.com.au/wp-content/uploads/2024/01/Latte-552350-980x980.jpg,For Adoption,"Sem fames, pede curabitur metus arcu enim. Tempus, luctus pretium aenean nunc mus malesuada. Rhoncus velit convallis. Urna lectus tincidunt pellentesque leo. Aenean habitasse morbi. Habitant sem tempus rutrum conubia. Arcu venenatis ultrices dictumst, nisl lorem magnis, ad primis tristique vel ultrices maecenas dapibus, blandit euismod pede sociis maecenas commodo fermentum potenti. Feugiat massa a tortor tincidunt vitae urna aenean porta hymenaeos lectus. Torquent hac montes sem curae; velit neque leo quam amet. In mus elementum. Congue ligula, id et hymenaeos hymenaeos class fermentum sodales faucibus nam class vivamus est ad iaculis vehicula tellus pulvinar.

Nulla tincidunt, tempor lacus dapibus cursus ridiculus dapibus malesuada. At facilisi. Phasellus diam ridiculus mi bibendum ornare consequat, vitae ut Montes. Euismod Nisl cum mi odio commodo Purus sed pretium pellentesque habitant libero accumsan nec senectus dolor nullam sagittis torquent urna porttitor nec hac urna hac. Lacinia imperdiet fusce eleifend nunc montes. Sagittis egestas convallis.

Vitae Mattis porttitor vel ultricies. Tellus dignissim etiam blandit mi inceptos primis ligula pretium sagittis hac commodo bibendum scelerisque convallis metus ante. Tellus in nec tellus dignissim congue in lacinia urna aptent magna dolor ante congue per lacinia maecenas tempor maecenas curae; feugiat malesuada ultrices nascetur non nullam vehicula eget.",150,"2/104 Eugaree St, Southport, QLD 4215"
